tweet_id,text,favorite_count,retweet_count,created_at
1389566279527411714,"The stone dates to 1819 ‚ÄòThe Belgian farmer, apparently annoyed by the stone in his tractor's path, had moved it in‚Ä¶ https://t.co/NNFBk8VLuG",0,0,Tue May 04 13:03:12 +0000 2021
1389566111931318278,"RT @chelywright: I came out of the closet that nearly killed me 11 years ago.
I made a decision to lead every conversation for the rest of‚Ä¶",0,11,Tue May 04 13:02:32 +0000 2021
1389566108450107394,UK travel industry shares climb as hopes rise for green light on holidays abroad https://t.co/V4HafLSaEa,4,0,Tue May 04 13:02:31 +0000 2021
1389566008449454083,A portrait of FDR hangs opposite Joe Biden‚Äôs desk in the Oval Office. Can the new president live up to his hero? On‚Ä¶ https://t.co/x5U2AZpxYd,2,2,Tue May 04 13:02:07 +0000 2021
1389565994415370242,"RT @samuelhabte: @jeru13954205 @FBedaso @NeaminZeleke If you knew the facts there, you don't ask for one. So learn them;
1. Deep down she i‚Ä¶",0,1,Tue May 04 13:02:04 +0000 2021
1389565959057313798,"A group of 19 lawyers, scholars, activists and journalists from around the world will announce on Wednesday whether‚Ä¶ https://t.co/E6QtMAK7SR",0,3,Tue May 04 13:01:56 +0000 2021
1389565949230125059,"Tucker Carlson  is being fed oppo about and is denouncing Kevin McCarthy, the man who wants to be speaker of the Ho‚Ä¶ https://t.co/d3sxpucfgv",3,1,Tue May 04 13:01:53 +0000 2021
1389565917902823425,"""Protesters demanded justice for Nina Pop. A year after her death, what happened to everyone saying Black trans liv‚Ä¶ https://t.co/Yz0TYAv388",13,3,Tue May 04 13:01:46 +0000 2021
1389565743784726531,Forecasters said much of the South could see more severe weather Tuesday. Tornadoes struck parts of the region Sund‚Ä¶ https://t.co/t5Q12toTdE,10,4,Tue May 04 13:01:04 +0000 2021
1389565724780154882,".@FLOTUS: ""We need two years of free community college."" https://t.co/BtMNRas3M9",24,8,Tue May 04 13:01:00 +0000 2021
1389565649249357825,"""We failed these brave young men."" https://t.co/T5MRskdoXZ",13,3,Tue May 04 13:00:42 +0000 2021
1389565572623618049,RT @stesfamariam: @LanderMiddle @NeaminZeleke It may be a blessing in disguise-a break from racist &amp; unequal ties. Africans should not seek‚Ä¶,0,4,Tue May 04 13:00:24 +0000 2021
1389565529267089408,Explainer: Scotland‚Äôs difficult route to another independence referendum https://t.co/rO9AgCgShQ https://t.co/SochhQvkZF,10,2,Tue May 04 13:00:13 +0000 2021
1389565518697336835,"News Analysis: The increasing racial diversity among U.S. voters isn‚Äôt helping Democrats as much as many expected,‚Ä¶ https://t.co/jTBEeZxrLm",21,4,Tue May 04 13:00:11 +0000 2021
1389565517854396422,Online videos might suggest dogs can communicate using buttons linked to words. ‚ÄúThe Intelligence‚Äù asks @lanegreene‚Ä¶ https://t.co/1LYaE4t52I,2,3,Tue May 04 13:00:10 +0000 2021
1389565496413011970,Swiss diplomat in Iran found dead after fall from high-rise https://t.co/PNr3apdq2e,7,4,Tue May 04 13:00:05 +0000 2021
1389565481602977794,RT @stesfamariam: @NafyadWakjira @NeaminZeleke @AbiyAhmedAli @iyoba4u @dejene_2011 @EA_DevCouncil @henokgabisa @seyoum_teshome @NatnaelMeko‚Ä¶,0,1,Tue May 04 13:00:02 +0000 2021
1389565480080392192,RT @derek8185338005: europeans don't understand is that the united states is twice the size of Belgium and would easily stretch from southe‚Ä¶,0,374,Tue May 04 13:00:01 +0000 2021
1389565475734966281,"Billionaires Bill and Melinda Gates have decided to seek a divorce, the couple said in a joint announcement. The co‚Ä¶ https://t.co/K77b6xE16v",12,6,Tue May 04 13:00:00 +0000 2021
1389565474736902145,"The #PumpRules couple has shared all of their ups and downs with viewers, but now they're telling Bravo Insider all‚Ä¶ https://t.co/2QNPlOUMk2",2,0,Tue May 04 13:00:00 +0000 2021
1389565410836635664,https://t.co/5bvADZHo0N https://t.co/xNWMawE1yU,2,0,Tue May 04 12:59:45 +0000 2021
1389565348526002181,STARTING NOW: @ABCNewsLive has the latest headlines from across the globe. @dianermacedo anchors: https://t.co/a3H8lMzT6M,11,5,Tue May 04 12:59:30 +0000 2021
1389565300547493888,"RT @BishuEthiopia: @NeaminZeleke @France24_en The #TPLF activist is paid and trained big time just to tell lies about #Ethiopiaüá™üáπ. 
It is n‚Ä¶",0,1,Tue May 04 12:59:19 +0000 2021
1389565200437764103,"Lumber prices are breaking new records, leading to huge profits for sawmill owners and rising costs for home buyers‚Ä¶ https://t.co/JM3cTr93Eo",13,7,Tue May 04 12:58:55 +0000 2021
1389565199401762816,RT @ZelalemMU: @MBGTigray @NeaminZeleke @henokgabisa Your Meaza appealed again and again over  about reconciliation and all inclusive talks‚Ä¶,0,1,Tue May 04 12:58:55 +0000 2021
1389565106779009026,https://t.co/OZlybOxSQf https://t.co/e1Ig6DEjft,3,1,Tue May 04 12:58:32 +0000 2021
1389565080354820100,"Potomac Gardens, Rosedale/Langston Carver, Greenway/Fort Dupont, Marshall Heights/Benning Ridge, Washington Highlan‚Ä¶ https://t.co/bpoCa2JxFA",1,1,Tue May 04 12:58:26 +0000 2021
1389564992903602176,"DeSantis suspends all of Florida's remaining COVID-19 restrictions, calling it ""the evidence-based thing to do""‚Ä¶ https://t.co/5hfnWu0KlW",21,6,Tue May 04 12:58:05 +0000 2021
1389564849168994305,RT @TArayaGarza: @iyoba4u @NeaminZeleke @EthiopiansE @NoRoom4FakeNews @yemiab @hawelti @EritreaStruggle @john_jtzegai @MarthyEri #TPLF mean‚Ä¶,0,1,Tue May 04 12:57:31 +0000 2021
1389564803845443590,"""Win or lose, this is a fight Republican Rep. Liz Cheney is not shying away from,"" @GloriaBorger writes. ""As she ha‚Ä¶ https://t.co/zAchb57Ebw",198,38,Tue May 04 12:57:20 +0000 2021
1389564736077959170,DEVELOPING: India halted its most popular sports tournament on Tuesday amid calls for a nationwide lockdown as the‚Ä¶ https://t.co/NU70RYUBwq,28,10,Tue May 04 12:57:04 +0000 2021
1389564518573948929,RT @unsuckdcmetro: Will Metro confirm that GM Wiedefeld doesn't have a reserved parking space at the new HQ?,0,4,Tue May 04 12:56:12 +0000 2021
1389564507459043334,"Compared to previous 30-year periods, the climate has turned unambiguously warmer https://t.co/vyZZyViKDw",68,37,Tue May 04 12:56:10 +0000 2021
1389564244849565703,"Capri, Italy's blue island, emerges from the pandemic blues https://t.co/Ev0jZ3olPD https://t.co/ShnMlZoVH1",66,15,Tue May 04 12:55:07 +0000 2021
1389564230156881921,"Giuliani claims federal investigators ""trying to frame"" him after his home and office were raided‚Ä¶ https://t.co/eFnwNsjMLm",19,10,Tue May 04 12:55:03 +0000 2021
1389564078688030722,RT @iyoba4u: @EthiopiansE @NoRoom4FakeNews @yemiab @hawelti @EritreaStruggle @NeaminZeleke @john_jtzegai @MarthyEri #TPLF = Top Professiona‚Ä¶,0,5,Tue May 04 12:54:27 +0000 2021
1389564049017483264,RT @tesfayem74: @LanderMiddle @NeaminZeleke They are pissed off that Abiy declared TPLF and OLA as terrorist groups. They were calling of n‚Ä¶,0,3,Tue May 04 12:54:20 +0000 2021
1389563964389011456,RT @atsesatenaw: @LanderMiddle @NeaminZeleke The bottomline for them is not the election. Their agenda is far from observership role otherw‚Ä¶,0,3,Tue May 04 12:54:00 +0000 2021
1389563865839570945,"All the singers in this U.K. choir have undergone laryngectomies, voice box removal, to treat cancer. Singing build‚Ä¶ https://t.co/F417TQv5FK",110,5,Tue May 04 12:53:37 +0000 2021
1389563803172491267,"RT @NafyadWakjira: @NeaminZeleke  an Ethiopian hero fighting #TPLF gangs who sold out the country to thieves and murderers!üí™üí™
#EthiopiaPrev‚Ä¶",0,13,Tue May 04 12:53:22 +0000 2021
1389563543519997954,RT @TArayaGarza: @EthiopiansE @NeaminZeleke @NoRoom4FakeNews @yemiab @hawelti @EritreaStruggle @john_jtzegai @MarthyEri #TPLF means Total P‚Ä¶,0,2,Tue May 04 12:52:20 +0000 2021
1389563472250384386,"CVS and Walgreens wasted thousands of COVID-19 vaccines, more shots than most U.S. states, territories and federal‚Ä¶ https://t.co/J7bx7RtwFZ",32,15,Tue May 04 12:52:03 +0000 2021
1389563450037350402,"RT @sgebreselassie: @YohannesFrezer @NeaminZeleke @henokgabisa @FRANCE24 WHY? As remnants 5-decades OLF, Mr.Gebissa has no ideology that fi‚Ä¶",0,2,Tue May 04 12:51:57 +0000 2021
1389563393057693699,"RT @TimoFreeman: @wmata @unsuckdcmetro Finding your way on @Metrobusinfo @ night in pandemic = flashbacks to playing @oregontrail :
Reachin‚Ä¶",0,1,Tue May 04 12:51:44 +0000 2021
1389563330591956992,RT @Ethiopi77807325: @FrancoisF24 @NeaminZeleke @meazaG_ @henokgabisa @CERI_SciencesPo @rolmarchal The old TPLF brutally silenced Ethiopian‚Ä¶,0,7,Tue May 04 12:51:29 +0000 2021
1389563306822746114,RT @MeseretBehailu: @Abel_Tekl @NeaminZeleke @DrMehari @StalinTeklu @Alula_Solomon @24hrsforTigray @OmnaTigray @LostMyChats @TigrayIntercep‚Ä¶,0,6,Tue May 04 12:51:23 +0000 2021
1389563262681899009,"RT @jetblkeyes: @wmata @MetroForward @wmata @unsuckdcmetro @wmataRAC @wmata can we throughly clean the elevator at Anacostia Station, it co‚Ä¶",0,1,Tue May 04 12:51:13 +0000 2021
1389563178045124610,https://t.co/1K60LxhBUV https://t.co/mCbKntDsQG,8,5,Tue May 04 12:50:53 +0000 2021
1389562985107054592,"Cementing Egypt security ties, France seals large warplane deal https://t.co/JwwN0kGt4Y https://t.co/YQoneggrmP",65,21,Tue May 04 12:50:07 +0000 2021
1389562956602478595,"Selena Gomez, Jennifer Lopez and more walk the red carpet for the 'VAX LIVE' fundraiser https://t.co/gDbwE7DW5H",79,25,Tue May 04 12:50:00 +0000 2021
1389562798989000708,"RT @EmmaKinery: Southeast Asian nations like Laos and Thailand, as well as those bordering India such as Bhutan and Nepal, have been report‚Ä¶",0,10,Tue May 04 12:49:22 +0000 2021
1389562729044848640,Poll: Majority say they approve of Biden's job in office https://t.co/KBCucfRwQ4 https://t.co/ZN7l1PNbqi,123,21,Tue May 04 12:49:06 +0000 2021
1389562467064373250,"G7 discuss global challenges including climate change and threats to human rights
https://t.co/9jRlmeCf4y",131,36,Tue May 04 12:48:03 +0000 2021
1389562239120809992,RT @emozak3: @JosepBorrellF https://t.co/sroYgynG6x,0,8,Tue May 04 12:47:09 +0000 2021
1389562197089693696,"RT @LanderMiddle: The #EU acted as election observer in #Ethiopia (4/5 times in the TPLF era). In all of its observations, it concluded the‚Ä¶",0,37,Tue May 04 12:46:59 +0000 2021
1389562026855391237,Experts say police departments need to implement 3 basic rules in order for the cameras to be effective. But many o‚Ä¶ https://t.co/PRyO3FatGs,46,30,Tue May 04 12:46:18 +0000 2021
1389561970773344260,Vulnerable House Democrats and Republicans are lining up to request earmarks in the fiscal 2022 bills‚Ä¶ https://t.co/qPkgkrnKlo,19,4,Tue May 04 12:46:05 +0000 2021
1389561954214326272,"PBS White House reporter Yamiche Alcindor to moderate ""Washington Week"" https://t.co/QRSJwrruCD https://t.co/XSgxuUECmc",100,6,Tue May 04 12:46:01 +0000 2021
1389561855635566594,A well-deserved recognition for a true global public health leader. Congratulations to @CDCgov's Dr Anne Schuchat.‚Ä¶ https://t.co/7mdqoXJsPY,32,16,Tue May 04 12:45:37 +0000 2021
1389561798555312131,A nine-year-old boy slipped past his parents and jumped onto the bag conveyor belt as a group of people checked the‚Ä¶ https://t.co/ncOqMUefaL,34,11,Tue May 04 12:45:24 +0000 2021
1389561737255473152,EU scraps plan to observe Ethiopia election https://t.co/srkissAPe0 https://t.co/Ph5jq2VVcE,37,12,Tue May 04 12:45:09 +0000 2021
1389561731823833088,Billionaire Alec Gores has become a serial SPAC backer as the market has heated up for special-purpose acquisition‚Ä¶ https://t.co/jpuyMXbSsz,29,8,Tue May 04 12:45:08 +0000 2021
1389561694662365186,"Usman Khan mentor visits stopped weeks before terror attack, inquest told https://t.co/TykRCGFs7K",10,5,Tue May 04 12:44:59 +0000 2021
1389561637070331905,Thread ‚¨áÔ∏è https://t.co/YK8sNrNd4k,0,0,Tue May 04 12:44:45 +0000 2021
1389561557554769924,RT @RSTMH: üó£Ô∏è ‚ÄúSweden‚Äôs announcement that it will share 1 million doses of #COVID19 vaccines with #COVAX is a superb gesture that must be r‚Ä¶,0,11,Tue May 04 12:44:26 +0000 2021
1389561253354479617,After four people were fatally shot by members of the Ohio National Guard during a protest at Kent State University‚Ä¶ https://t.co/pNMFTrYyRt,75,24,Tue May 04 12:43:14 +0000 2021
1389561224673828866,Can the sprawling group remain in one piece at a time when conglomerates are out of fashion? https://t.co/KogWVJt6h9,32,6,Tue May 04 12:43:07 +0000 2021
1389561215966449665,"He yelled at ‚Äúyuppies‚Äù in a park. Then he drove his truck into a crowd of picnickers, police said. https://t.co/WsxyBQ7MY2",123,52,Tue May 04 12:43:05 +0000 2021
1389561210044129283,The man accused of killing two people in a shooting at a hotel restaurant attached to the Oneida Nation casino in A‚Ä¶ https://t.co/TpRta2BJZE,28,14,Tue May 04 12:43:03 +0000 2021
1389561065944530949,"RT @viaCristiano: New: Here's what we know about the people deciding Trump's fate on Facebook, what they've said about Trump &amp; social media‚Ä¶",0,7,Tue May 04 12:42:29 +0000 2021
1389560946658627585,The Breakdown | Gatland must pick right characters for Lions‚Äô unique tour in South Africa https://t.co/Gji7p9jMKS,20,4,Tue May 04 12:42:01 +0000 2021
1389560855587610629,"RT @NafyadWakjira: ·ä†·àú·à™·ä´ ·àù·à≠·å´ ·àµ·â≥·ä´·àÇ·ãµ ·ã®·àõ·äï·äï·àù ·çç·âÉ·ãµ ·å†·ã≠·âÉ ·ä†·ã≠·ã∞·àà·àù!
·ä•·äï·åç·àä·ãù·àù ·àÜ·äë ·àå·àé·âΩ·àù ·ä†·ãç·àÆ·çì ·àÄ·åà·à´·âµ·àù ·â¢·àÜ·äï ·ä¢·âµ·ãÆ·åµ·ã´·àù ·ã®·àõ·äï·äï·àù ·çà·âÉ·ãµ ·ä†·âµ·àª·àù ·àù·à≠·å´ ·àà·àõ·ä´·àÑ·ãµ
#EthiopiaPrevails @Abi‚Ä¶",0,14,Tue May 04 12:41:39 +0000 2021
1389560634736533506,https://t.co/T81RTr7RWi https://t.co/BhrTJpC9Xm,11,8,Tue May 04 12:40:46 +0000 2021
1389560472719044608,"Eli Lilly to supply 400,000 tablets of its COVID-19 treatment to India https://t.co/PJjKo62nuE https://t.co/w8mhMr4fGv",105,28,Tue May 04 12:40:08 +0000 2021
1389560470827323392,Prince Harry makes impassioned plea for vaccinations https://t.co/GiJLqStxiG https://t.co/wqMy36qphX,77,14,Tue May 04 12:40:07 +0000 2021
1389560439906869251,"It‚Äôs #StarWarsDay! What started as a pun for fans has become an annual celebration of the galaxy far, far away. Her‚Ä¶ https://t.co/gHpvqY6lTs",201,79,Tue May 04 12:40:00 +0000 2021
1389560425881251841,Commerce Secretary Raimondo is right: We can‚Äôt afford not to rebuild our nation‚Äôs crumbling infrastructure and inve‚Ä¶ https://t.co/6aTHvgIO0f,2101,402,Tue May 04 12:39:56 +0000 2021
1389559719778529281,"Chauvin juror on attending protest: ""I just thought it was a good opportunity to be a part of something""‚Ä¶ https://t.co/6sTM2FFIgC",83,14,Tue May 04 12:37:08 +0000 2021
1389559674236715010,National weather forecast: US to see more severe storms https://t.co/FsjM79NxVj,53,21,Tue May 04 12:36:57 +0000 2021
1389559452387450882,"Pfizer‚Äôs coronavirus vaccine generated $3.5 billion in revenue in the first three months of 2021, the company repor‚Ä¶ https://t.co/xnEDWoFQOc",403,227,Tue May 04 12:36:04 +0000 2021
1389559428756774921,A lot of this lawyering up stands on the dubious premise of emergency use authorization status of the vaccines. Exc‚Ä¶ https://t.co/v0avM9DgL5,25,2,Tue May 04 12:35:59 +0000 2021
1389559273462579227,First team of mounted archers takes aim in Gaza https://t.co/a899p1qqUL https://t.co/wgO74ZBHXu,84,15,Tue May 04 12:35:22 +0000 2021
1389559201245155330,"The NRCC has added 10 House Dems to its list of takeover targets, bringing the total to 57. They are:

‚Ä¢ Ami Bera
‚Ä¢‚Ä¶ https://t.co/IXg1m6nCpc",17,6,Tue May 04 12:35:04 +0000 2021
1389559106588053506,RT @YaredSent: @NeaminZeleke @Betty_Moges @France24_en You did great by debating 2 to 1. It‚Äôs unfair that @France24_en invited 2 proponents‚Ä¶,0,4,Tue May 04 12:34:42 +0000 2021
1389559055073619968,"RT @ZemariamF: Yes, who made EU measure of Free &amp; Fair elections &amp; 
other good things?!
This is z 2nd time 4 EU 2 betray us. 1st, in z 2005‚Ä¶",0,11,Tue May 04 12:34:30 +0000 2021
1389558965202210818,RT @Mikitango: Another appreciation tweet to @NeaminZeleke üëèüëèüëèüëèüëèWe are pround to have you! ·ãò·à®·äõ ·ä´·àç·ãà·ã∞·ã∞·àÖ·ç£ it means you are doing something rig‚Ä¶,0,6,Tue May 04 12:34:08 +0000 2021
1389558954666115075,"""I don‚Äôt know one girl or woman who hasn‚Äôt had a weird experience or a really bad experience,"" Billie Eilish said. https://t.co/hqvsGBWWtz",56,11,Tue May 04 12:34:06 +0000 2021
1389558793885913090,"RT @meronina: Our article on Swedish Eritrean imprisoned journalist Dawit Isaak, with @KurdoBaksi
@EsayasIsaak, 
Erik Halkjaer and me ""We m‚Ä¶",0,6,Tue May 04 12:33:27 +0000 2021
1389558763007447042,RT @Qomche: @Peacean99413876 @NeaminZeleke @Erythree_ @France24_en She will present her 'Evidence' in court.,0,1,Tue May 04 12:33:20 +0000 2021
1389558684481691651,‚ÄòWe need to work together‚Äô: UK doctors raise Covid funds for India https://t.co/3VQJqOuDrt,66,20,Tue May 04 12:33:01 +0000 2021
1389558475869536258,"RT @rahel77810531: @SemenStarr @NeaminZeleke The Truth Matters ,  TPLF and its cronies are on the 'crazy train' with unhinged Propaganda co‚Ä¶",0,2,Tue May 04 12:32:12 +0000 2021
1389558445926494208,Why do the Carters look so tiny alongside Joe Biden and his wife Jill in this picture? https://t.co/Xo5OYjKUTs,81,30,Tue May 04 12:32:04 +0000 2021
1389558385096417281,JPMorgan Chase CEO¬†Jamie Dimon speaks with WSJ Editor in Chief Matt Murray about America‚Äôs rebound from the pandemi‚Ä¶ https://t.co/9D2RbcCQhE,58,22,Tue May 04 12:31:50 +0000 2021
1389558351755939841,"RT @EthiopiansE: As the saying goes ""·àå·â£ ·ä•·äì·âµ ·àç·åá·äï ·ä†·â≥·àù·äï·àù"" It is in #TPLF's DNA to lie and steal. #TPLF  looted the Eritreans businesses and pr‚Ä¶",0,11,Tue May 04 12:31:42 +0000 2021
1389558320982278149,"Daniel Markovits: ""America's 1% got way richer during the pandemic. We need a onetime wealth tax to help rebuild th‚Ä¶ https://t.co/WfGcufyTtC",78,25,Tue May 04 12:31:35 +0000 2021
1389558228342738945,"RT @APEntertainment: Stacey Abrams, romance writer. Three novels @staceyabrams wrote nearly 20 years ago under the name Selena Montgomery w‚Ä¶",0,37,Tue May 04 12:31:13 +0000 2021
1389557994510241794,"RT @rahel77810531: @Tseday @NeaminZeleke The Truth Matters ,  TPLF and its cronies are on the 'crazy train' with unhinged Propaganda conspi‚Ä¶",0,4,Tue May 04 12:30:17 +0000 2021
1389557990810951680,üôãüèæ‚Äç‚ôÄÔ∏è https://t.co/5P62CnVqLH,2,1,Tue May 04 12:30:16 +0000 2021
1389557983034712066,"""What Biden's brain trust wanted to ensure is that the negative effects of tax hikes on business and the wealthy do‚Ä¶ https://t.co/A1EuBrMUzp",146,35,Tue May 04 12:30:14 +0000 2021
1389557963870855173,Analysis: Buffett‚Äôs ESG snub risks alienating Wall Street https://t.co/p8t6iIOJdE https://t.co/Q5IljkimZr,26,9,Tue May 04 12:30:09 +0000 2021
1389557962293850121,"RT @adancabdulle: ‚ÄúThe Somali Federal Government also uses online trolling groups intended to manipulate social media, harass, intimidate a‚Ä¶",0,5,Tue May 04 12:30:09 +0000 2021
1389557944455417859,How many words can you make with 7 letters? Try today‚Äôs Spelling Bee. https://t.co/l1l99yJ5Ac https://t.co/STe3Wd4Yto,126,16,Tue May 04 12:30:05 +0000 2021
1389557938998624260,RT @KennyEthiopian: @NeaminZeleke Hey Neamin; isn‚Äôt fitting that the government of Ethiopia labeled OLF and TPLF as terrorists!? It is long‚Ä¶,0,3,Tue May 04 12:30:04 +0000 2021
1389557923806736391,"From an overpass collapse in Mexico City that killed more than 20 people, to Bill and Melinda Gates filing for divo‚Ä¶ https://t.co/fJ6Uz68A9C",50,15,Tue May 04 12:30:00 +0000 2021
1389557886645374977,RT @Voices4Ethiopia: Ethiopia's journey towards democracy continues.  Ethiopians are looking forward to the upcoming historic election unde‚Ä¶,0,15,Tue May 04 12:29:51 +0000 2021
1389557838066995205,"RT @Voices4Ethiopia: Election day for Ethiopians is 32 days away - June 5th.

Reject ethnic federalism and the poison for hate and division‚Ä¶",0,5,Tue May 04 12:29:39 +0000 2021
1389557831662292994,Britney Spears attacks 'hypocritical' documentaries in Instagram post https://t.co/tWd6ltkhR1,173,26,Tue May 04 12:29:38 +0000 2021
1389557823164538901,Fact Checker: Democrats and Republicans need a translator when speaking infrastructure https://t.co/h7ke54jRVE,78,20,Tue May 04 12:29:36 +0000 2021
1389557732093698051,"RT @EnuFeker: #Free, democratic &amp;Peaceful transition is the start of a new hope &amp; national healing for Ethiopians #EthiopiaPrevails @EU_Com‚Ä¶",0,7,Tue May 04 12:29:14 +0000 2021
1389557691039768582,And $0.55. https://t.co/08Gz6j2DGB,30,0,Tue May 04 12:29:04 +0000 2021
1389557586727428097,This could come in handy tomorrow. https://t.co/QalzbzC7q6,3,1,Tue May 04 12:28:40 +0000 2021
1389557490786971651,"RT @YohannesFrezer: @henokgabisa @FRANCE24 @NeaminZeleke Mr. Henock, it's unbelievably sad that you are on the world stage defending TPLF.‚Ä¶",0,8,Tue May 04 12:28:17 +0000 2021
1389557427654348802,Trump muddles Republican messaging on Afghanistan https://t.co/E8nFTRgBTK https://t.co/OJHlHGy1xc,19,7,Tue May 04 12:28:02 +0000 2021
1389557406498181123,"RT @Yemwedsh_Nathan: ·ä•·à± ·ã®·ä¢·âµ·ãÆ·åµ·ã´ ·ä†·à≠·â†·äõ ·äê·ãç·ç°·ç°
·ä•·äì·àò·à∞·åç·äì·àà·äï @NeaminZeleke ·ä¢·âµ·ãÆ·åµ·ã´·äï ·ä®·ãç·àµ·å•·àù ·ä®·ãç·å≠·àù ü§ú#·â∞·ä©·àã·ãé·âΩ ·ä•·ã®·â≥·ã∞·åç ·àµ·àã·ààüôè https://t.co/q2KWqgi2wR",0,5,Tue May 04 12:27:57 +0000 2021
1389557380397031429,RT @addisstandard: Update: Commissioner Abere was replaced by Commissioner Tekola Ayfokiru last week following regional officilas' reshufls‚Ä¶,0,5,Tue May 04 12:27:50 +0000 2021
1389557358729310210,"RT @addisstandard: Breaking: Reports reaching AS indicate former Amhara region Police Commissioner, Abere Adamu, has passed away. The circu‚Ä¶",0,38,Tue May 04 12:27:45 +0000 2021
1389557345823436804,"RT @LeinadTarsa: Credible nonpartisan observers are interested in promoting integrity, transparency &amp; efficiency in the electoral process &amp;‚Ä¶",0,6,Tue May 04 12:27:42 +0000 2021
1389557254060449792,RT @eliudkibii: President @SuluhuSamia: We have discussed many things with President Kenyatta but what I want to emphasize is about promoti‚Ä¶,0,1,Tue May 04 12:27:20 +0000 2021
1389557223811072000,1843 magazine is launching a mentorship programme for black photographers. Apply for this exciting opportunity by J‚Ä¶ https://t.co/1kBS8vyJWB,35,21,Tue May 04 12:27:13 +0000 2021
1389556916301541388,"RT @awolallo: Those who opposed the war &amp; warned against its calamitous consequences were branded traitors &amp; TPLF stooges. 6 months on, the‚Ä¶",0,42,Tue May 04 12:26:00 +0000 2021
1389556873532223491,"RT @samuelhabte: @jeru13954205 @JamaNuur1 @FBedaso @NeaminZeleke Not tegarus; it's a low grade, over branded, overrated bunch of ethno fund‚Ä¶",0,4,Tue May 04 12:25:50 +0000 2021
1389556854850740225,RT @awolallo: Today marks 6 months since the war in Tigray began. The Ethiopian gov't told the world that it will be a short operation with‚Ä¶,0,140,Tue May 04 12:25:45 +0000 2021
1389556715444649984,Melting ice reveals first world war relics in Italian Alps https://t.co/uAihPOnOZ1,157,43,Tue May 04 12:25:12 +0000 2021
1389556708062732290,Scotland‚Äôs Sturgeon challenges UK: only court can stop a referendum - Sky https://t.co/jTDFkqUWeQ https://t.co/8kVzatKgf2,45,10,Tue May 04 12:25:10 +0000 2021
1389556688055848963,Armed suspect shot outside CIA headquarters after standoff https://t.co/rbWyxsYm34 https://t.co/VBz9XAMwcK,38,16,Tue May 04 12:25:05 +0000 2021
1389556687049199620,Democrats confront difficult prospects for midterms https://t.co/HoBcLR1xpJ https://t.co/cgVKqYS5ah,18,9,Tue May 04 12:25:05 +0000 2021
1389556424586448901,RT @APEntertainment: SHOWBIZ MINUTE: Kevin Spacey - Lady Gaga - Bill Gates https://t.co/VqANFw3eWC,0,2,Tue May 04 12:24:02 +0000 2021
1389556333872037892,"More and more across the financial industry, executives are talking about how and when to bring significant numbers‚Ä¶ https://t.co/NJgYXRb1cg",14,6,Tue May 04 12:23:41 +0000 2021
1389556172890460182,Bill and Melinda Gates announce they are getting divorced. https://t.co/aVYPNn0ets,60,11,Tue May 04 12:23:02 +0000 2021
1389555935270612993,Mark Zuckerberg adds 600 acres to his controversial Hawaii estate https://t.co/KtVPdhuAjL https://t.co/2BaQJ4GfyH,40,16,Tue May 04 12:22:06 +0000 2021
1389555434449772545,"Driver shortage, looming regulation cloud Uber, Lyft recovery https://t.co/KXIaP8rruT https://t.co/NxNEMQPAgR",25,10,Tue May 04 12:20:06 +0000 2021
1389555406603751425,"A U.S Air Force jet touched down with oxygen cylinders and aid as the U.S., UK and other countries around the world‚Ä¶ https://t.co/TPYOeCurOJ",345,112,Tue May 04 12:20:00 +0000 2021
1389555396814282753,A great clip on astute questioning and shambolic defence. Good ref if you are teaching/learning interview skills.‚Ä¶ https://t.co/oxasPRHhR3,2,0,Tue May 04 12:19:57 +0000 2021
1389555175392784386,FAA warns of spike in unruly airline passengers despite fewer people traveling amid the coronavirus pandemic‚Ä¶ https://t.co/f6gYrp1m1D,14,13,Tue May 04 12:19:05 +0000 2021
1389554414688612352,"Even though the tax increases would hit Colombia's wealthiest hardest, many feel that it is not the right time to r‚Ä¶ https://t.co/c9eu9RKVuj",104,38,Tue May 04 12:16:03 +0000 2021
1389554411010134017,Allies of GOP leader vow to oust Liz Cheney https://t.co/mofWQRZYG7 https://t.co/mEkOlN5J5o,39,7,Tue May 04 12:16:02 +0000 2021
1389554406455234561,India has become the second country in the world after the United States to pass the 20 million coronavirus cases m‚Ä¶ https://t.co/fsusGKSwAT,176,89,Tue May 04 12:16:01 +0000 2021
1389554192671551490,"‚ÄòLast resort‚Äô: Desperate for oxygen, Indian hospitals go to court https://t.co/TUxTcag4fo https://t.co/h1qkxw9F6W",110,49,Tue May 04 12:15:10 +0000 2021
1389554192654618625,It‚Äôs at $0.52. https://t.co/bWVAmXFzGZ,51,1,Tue May 04 12:15:10 +0000 2021
1389554182416371715,"CVS‚Äôs profit rose for the latest quarter, partly driven by gains from the rollout of Covid-19 vaccines https://t.co/PCcqrsmpEf",54,18,Tue May 04 12:15:08 +0000 2021
1389554178364776451,One of Italy‚Äôs most renowned contemporary art museums is providing a vaccination experience with a difference. Peop‚Ä¶ https://t.co/9pxW65Zvdd,355,70,Tue May 04 12:15:07 +0000 2021
1389554148664872963,"Australian Prime Minister Scott Morrison, under pressure to overturn rules barring travel from COVID-ravaged India,‚Ä¶ https://t.co/MsAggxHqLh",47,28,Tue May 04 12:15:00 +0000 2021
1389554107996905474,"Dalian Atkinson murdered in street by police officer, jury hears https://t.co/92bkO1Ja3N",75,83,Tue May 04 12:14:50 +0000 2021
1389553997443334150,"30N/36 Alert: Due to construction, buses to Friendship Hts/Potomac Pk detour on Naylor Rd SE at Southern Ave resumi‚Ä¶ https://t.co/y2PcOFeTF2",0,0,Tue May 04 12:14:24 +0000 2021
1389553876060233728,"RT @JohnHMcWhorter: Thank you to ‚Å¶@TheAtlantic‚Å© for publishing this excerpt from the introduction to NINE NASTY WORDS, officially out today‚Ä¶",0,26,Tue May 04 12:13:55 +0000 2021
1389553861111783428,"Caitlyn Jenner, the former Olympic decathlete and reality TV personality now running for California governor, brand‚Ä¶ https://t.co/xk5edl4qQF",32,12,Tue May 04 12:13:51 +0000 2021
1389553859169763329,Stormy weather and Alster swans: Tuesday‚Äôs best photos https://t.co/FLtoJfygOA,29,6,Tue May 04 12:13:51 +0000 2021
1389553662524108803,"Ted Cruz rips new ""Humans of CIA"" video: ""We've come a long way from Jason Bourne"" https://t.co/Jij6lg7fLX https://t.co/V6eDojS72o",54,6,Tue May 04 12:13:04 +0000 2021
1389553659877462020,Covid-19 ‚Äúsuper-immune‚Äù people seem to be in a high concentration in an Italian village. Researchers want to know w‚Ä¶ https://t.co/ykX2WpK5lz,84,34,Tue May 04 12:13:03 +0000 2021
1389552980840656902,"RT @ReenaAdvani: ‚ÄúTrauma is not finite,‚Äù@AnjaliEnjeti tells @NPRInskeep: https://t.co/44SNPMzZhk",0,10,Tue May 04 12:10:21 +0000 2021
1389552917162627075,Senior Swiss diplomat in Iran found dead after fall from high-rise https://t.co/6igS74Hzeu https://t.co/vJdI1PElxK,75,49,Tue May 04 12:10:06 +0000 2021
1389552908883083266,"""Biden seems intent on repeating the same mistakes of Jimmy Carter"" (@TheHillOpinion) https://t.co/cAP8zSPCIz https://t.co/OmkQsnMjZ2",65,17,Tue May 04 12:10:04 +0000 2021
1389552711012687873,"RT @NafyadWakjira: #Free, democratic &amp;Peaceful transition is the start of a new hope &amp; national healing for Ethiopians #EthiopiaPrevails @E‚Ä¶",0,8,Tue May 04 12:09:17 +0000 2021
1389552668834738178,"The young woman trying to adopt her friend
https://t.co/IrotOmYbf4",273,51,Tue May 04 12:09:07 +0000 2021
1389552383965990914,RT @Ethiopi77807325: @FrancoisF24 @NeaminZeleke @meazaG_ @henokgabisa @CERI_SciencesPo @rolmarchal Thank you @NeaminZeleke for standing up‚Ä¶,0,4,Tue May 04 12:07:59 +0000 2021
1389552311714861063,"RT @_hudsonc: A scathing look at #Eritrea's designs on #Ethiopia and why Asmara wont leave from TPLF's former  defense chief. ""Isaias and A‚Ä¶",0,20,Tue May 04 12:07:42 +0000 2021
1389552157360275459,Biden waving restriction blocking US aid to Azerbaijan over Armenia conflict https://t.co/RwBkTKZ7n8 https://t.co/y7DalSa0KD,41,13,Tue May 04 12:07:05 +0000 2021
1389552028561588229,"RT @Yamiche: I‚Äôm honored to become the next moderator of @washingtonweek, a show that meant so much to Gwen Ifill when she helmed this chai‚Ä¶",0,1996,Tue May 04 12:06:34 +0000 2021
1389551964103585792,A sneak peek at our June cover. @ClintSmithIII‚Äôs story is out May 10. https://t.co/LTSsds8sZG,108,20,Tue May 04 12:06:19 +0000 2021
1389551930997985280,"RT @ECNAS_CA: @NeaminZeleke @France24_en Thank you so much @NeaminZeleke for standing up for Ethiopia as usual. It is a great opportunity,‚Ä¶",0,8,Tue May 04 12:06:11 +0000 2021
1389551813842571271,"RT @AymanMSNBC: .@RepSwalwell (D-CA) comments on California's vaccination strategy, herd immunity, and #Giuliani. @AymanM 

https://t.co/20‚Ä¶",0,28,Tue May 04 12:05:43 +0000 2021
1389551802740260869,Red Hot Chili Peppers sell rights to catalogue of hits to Hipgnosis https://t.co/Mr4MhZcgrX,45,11,Tue May 04 12:05:41 +0000 2021
1389551784935534598,RT @estradiol420: like the fact that the CIA is using tumblr feminist buzzwords is not a sign that we need to give up on feminism lol it‚Äôs‚Ä¶,0,547,Tue May 04 12:05:36 +0000 2021
1389551660360519681,Britain will announce travel 'green list' shortly -minister https://t.co/BeZ8mRgj8A https://t.co/RLdqlX1eza,48,13,Tue May 04 12:05:07 +0000 2021
1389551654152835083,RT @MindaHoney: Sooooooo @jaquiradiaz def has not gotten all her due yet for this book üíØ https://t.co/a3j2EIHoeD,0,0,Tue May 04 12:05:05 +0000 2021
1389551642748592128,"Lady Gaga's dog walker was tailed by suspects, prosecutors say https://t.co/Mg2DzgTV7M",76,9,Tue May 04 12:05:02 +0000 2021
1389551553456050177,RT @GisteAmen: @NeaminZeleke Tigray will never be represented by #TPLFisaTerroristGroup ! #EthiopiaPrevails,0,3,Tue May 04 12:04:41 +0000 2021
1389551496883314688,Garland to emphasize need for funding on domestic terrorism and civil rights work https://t.co/5y42ttAbqe,406,84,Tue May 04 12:04:28 +0000 2021
1389551496702877698,https://t.co/d6jmIvBphH,26,7,Tue May 04 12:04:28 +0000 2021
1389551475811045377,RT @AddisK4: @Kaye_Gerima @NeaminZeleke @France24_en @meazaG_ Defending her people?! You mean defending terrorist TPLF record?! She &amp;her si‚Ä¶,0,12,Tue May 04 12:04:23 +0000 2021
1389551391732080642,"Poll: Trump's favorability, unfavorable ratings nearly level 100 days after leaving office https://t.co/VzUbCMyd2r https://t.co/M8md1mjF7e",27,10,Tue May 04 12:04:03 +0000 2021
1389551091621240832,"RT @APEastRegion: ""Never thought I would end up like this."" Unauthorized immigrants are increasingly falling through the cracks due to the‚Ä¶",0,16,Tue May 04 12:02:51 +0000 2021
1389551012025929740,"RT @coolproof: @GraceHoneypot @meazaG_ @NeaminZeleke I have never been more disgusted by anyone who calls themselves Human than the threat,‚Ä¶",0,7,Tue May 04 12:02:32 +0000 2021
1389550878529658880,"RT @AbenezerDegu: Not #EU I will choose my leaders #Ethiopia üá™üáπ  will vote.

No more characteristic African western leaders in #Africa Enou‚Ä¶",0,27,Tue May 04 12:02:00 +0000 2021
1389550876935835648,"Why is Facebook so upset about the new Apple privacy feature?

If you don‚Äôt know, now you know. https://t.co/JKxn5SD2mh",1033,294,Tue May 04 12:02:00 +0000 2021
1389550825530433540,RT @jazzrk: @ABDUBA_G @henokgabisa @France24_en @NeaminZeleke @iyoba4u @ECNAS_CA @kimolike @Yeshewalul1 @Tikur80s @mfaethiopia @EthiopiaEU‚Ä¶,0,6,Tue May 04 12:01:48 +0000 2021
1389550822703382537,11 moments from Asian American history that you should know https://t.co/WhpfPMFTQv,93,43,Tue May 04 12:01:47 +0000 2021
1389550731368226820,"The pandemic crisis is finally winding down for much of the country, with both vaccinations and the economy surging‚Ä¶ https://t.co/YJQtsDZfXU",27,12,Tue May 04 12:01:25 +0000 2021
1389550625512312838,"A rescue operation was under way after an overpass in Mexico City‚Äôs metro system collapsed, sending a train plungin‚Ä¶ https://t.co/5vkTCZ6aDc",80,38,Tue May 04 12:01:00 +0000 2021
1389550446893748224,"The Tree of Life synagogue in Pittsburgh, where 11 people were killed in a shooting in 2018, has not held services‚Ä¶ https://t.co/7lLrUBORgc",379,57,Tue May 04 12:00:17 +0000 2021
1389550441529237508,Rotation out of megacaps drags Nasdaq futures lower https://t.co/azIxZSAIVs https://t.co/vqTjv3mreG,28,9,Tue May 04 12:00:16 +0000 2021
1389550414165643270,"China‚Äôs aggressive rhetoric about (and sorties around) Taiwan are breaking down a fragile, decades-old equilibrium,‚Ä¶ https://t.co/xvJhR1V55F",34,9,Tue May 04 12:00:09 +0000 2021
1389550401549123588,"A briefing on suspected energy attacks on US intelligence officers turned contentious last week, two sources say, a‚Ä¶ https://t.co/5Hjy3091rS",139,35,Tue May 04 12:00:06 +0000 2021
1389550292262338560,RT @BBCSomali: Maxay tahay warqadda uu Amiirka Qatar u soo diray Madaxweyne Farmaajo?: https://t.co/AwSAe0fgJr https://t.co/C5Terks4hR,0,1,Tue May 04 11:59:40 +0000 2021
1389550268908453892,RT @GrahamB47: at least 75% of shows that proudly tout how progressive they are now are going to age like this.,0,705,Tue May 04 11:59:35 +0000 2021
1389550134208385025,The big talking point in Kenya is about Tanzanian Prez @SuluhuSamia decision to change her outfit before seeing Pre‚Ä¶ https://t.co/plgnJRMTD1,12,2,Tue May 04 11:59:03 +0000 2021
1389549897997864963,"Santorum on comments dismissing influence of Native American culture: ""I misspoke"" https://t.co/ElXyrUhntQ https://t.co/cHVyLadMtp",14,2,Tue May 04 11:58:06 +0000 2021
1389549894508109831,An Asian woman in New York City was attacked in the head with a hammer by a stranger who demanded the victim remove‚Ä¶ https://t.co/mrYA1coRjA,90,44,Tue May 04 11:58:06 +0000 2021
1389549801151287297,"Amos Oz was born on this day in 1939. His 1963 short story ‚ÄúAll Rivers,‚Äù about a stamp collector‚Äôs obsession with a‚Ä¶ https://t.co/ATohwolC7F",40,13,Tue May 04 11:57:43 +0000 2021
1389549400226140164,"RT @champagnesocia8: Man, it just hit me that, in 30 years a generation of people without retirement plans or savings are gonna hit retirem‚Ä¶",0,1123,Tue May 04 11:56:08 +0000 2021
1389549245091524611,"Ahead of Pres. Biden‚Äôs first foreign trip to the United Kingdom in June, Sec. of State Antony Blinken is in London‚Ä¶ https://t.co/s7BnAAqZfv",121,30,Tue May 04 11:55:31 +0000 2021
1389549146462429190,Mike Ashley's Frasers starts share buyback of up to 60 mln pounds https://t.co/UGu0rjOI2C https://t.co/kxaR0uwOlx,22,8,Tue May 04 11:55:07 +0000 2021
1389549135511101446,New study finds air pollution may cloud older white men's thinking and memory https://t.co/tpGBY3gEfi https://t.co/Rrfgs4thoS,39,18,Tue May 04 11:55:05 +0000 2021
1389549114908631041,Adoption rates at animal shelters across the U.S. have jumped as much as 40% in 2020 as people cope with isolation‚Ä¶ https://t.co/zHSXhEAuPq,139,35,Tue May 04 11:55:00 +0000 2021
1389548952991715329,"RT @CandyCornball: It‚Äôs gon be a whole cycle of white feminists (of all races) performing empathy, it‚Äôs gon be ‚Äúsee, you can have all the m‚Ä¶",0,5,Tue May 04 11:54:21 +0000 2021
1389548950861004800,"‚ÄúBy providing Asian Americans with an accessible way to self-report, Stop AAPI Hate has also given us a community r‚Ä¶ https://t.co/z1mewP2tA6",61,15,Tue May 04 11:54:21 +0000 2021
1389548776151560195,RT @CandyCornball: The way I am so pre-pissed and pre-annoyed and pre-underwhelmed by the discourse that‚Äôs about to rain down. https://t.co‚Ä¶,0,18,Tue May 04 11:53:39 +0000 2021
